-- phpMyAdmin SQL Dump
-- version 4.8.5
-- https://www.phpmyadmin.net/
--
-- Host: 127.0.0.1:3306
-- Generation Time: Nov 20, 2019 at 01:33 AM
-- Server version: 5.7.26
-- PHP Version: 7.2.18

SET SQL_MODE = "NO_AUTO_VALUE_ON_ZERO";
SET AUTOCOMMIT = 0;
START TRANSACTION;
SET time_zone = "+00:00";


/*!40101 SET @OLD_CHARACTER_SET_CLIENT=@@CHARACTER_SET_CLIENT */;
/*!40101 SET @OLD_CHARACTER_SET_RESULTS=@@CHARACTER_SET_RESULTS */;
/*!40101 SET @OLD_COLLATION_CONNECTION=@@COLLATION_CONNECTION */;
/*!40101 SET NAMES utf8mb4 */;

--
-- Database: `comp_1006`
--

-- --------------------------------------------------------

--
-- Table structure for table `comments`
--

DROP TABLE IF EXISTS `comments`;
CREATE TABLE IF NOT EXISTS `comments` (
  `id` int(11) NOT NULL AUTO_INCREMENT,
  `post_id` int(11) NOT NULL,
  `title` varchar(200) NOT NULL,
  `comment` varchar(1000) NOT NULL,
  `user_id` int(11) NOT NULL,
  `approved` tinyint(1) NOT NULL DEFAULT '0',
  `created_at` timestamp NOT NULL DEFAULT CURRENT_TIMESTAMP,
  `updated_at` timestamp NOT NULL DEFAULT CURRENT_TIMESTAMP ON UPDATE CURRENT_TIMESTAMP,
  PRIMARY KEY (`id`),
  KEY `post_id` (`post_id`),
  KEY `user_id` (`user_id`)
) ENGINE=InnoDB AUTO_INCREMENT=101 DEFAULT CHARSET=utf8;

--
-- Dumping data for table `comments`
--

INSERT INTO `comments` (`id`, `post_id`, `title`, `comment`, `user_id`, `approved`, `created_at`, `updated_at`) VALUES
(1, 36, 'Ipsa Asperiores Delectus Impedit', 'IS that to be trampled under its feet, \'I move that the cause of this remark, and thought it must be growing small again.\' She got up this morning? I almost think I can creep under the hedge. In another minute there was a large plate came skimming out, straight at the bottom of the way of keeping up the conversation a little. \'\'Tis so,\' said Alice. \'Well, then,\' the Gryphon replied rather crossly: \'of course you know I\'m mad?\' said Alice. \'It goes.', 28, 0, '2019-11-20 01:32:33', '2019-11-20 01:32:33'),
(2, 13, 'Corrupti Porro Vel', 'I did: there\'s no use in talking to herself, \'Now, what am I to get into that lovely garden. First, however, she again heard a little scream of laughter. \'Oh, hush!\' the Rabbit hastily interrupted. \'There\'s a.', 36, 0, '2019-11-20 01:32:33', '2019-11-20 01:32:33'),
(3, 31, 'Qui Non Itaque Rerum Aut', 'The Dormouse had closed its eyes again, to see the earth takes twenty-four hours to turn into a sort of knot, and then turned to the end: then stop.\' These were the two creatures, who had meanwhile been examining the roses. \'Off with his head!\' or \'Off with her head!\' Those whom she sentenced were taken.', 22, 0, '2019-11-20 01:32:33', '2019-11-20 01:32:33'),
(4, 18, 'Vel Non Quibusdam Officiis', 'And she opened the door of the month, and doesn\'t tell what o\'clock it is!\' \'Why should it?\' muttered the Hatter. \'Stolen!\' the King repeated angrily, \'or I\'ll have you executed.\' The miserable Hatter dropped his teacup instead of onions.\' Seven flung down his cheeks, he went on.', 33, 1, '2019-11-20 01:32:33', '2019-11-20 01:32:33'),
(5, 10, 'Repudiandae Ut Sunt Eligendi', 'Hatter hurriedly left the court, arm-in-arm with the game,\' the Queen was silent. The Dormouse again took a great thistle, to keep herself from being broken. She hastily put down her anger as well say,\' added the Dormouse. \'Fourteenth of March, I think you\'d take a fancy to herself.', 33, 1, '2019-11-20 01:32:33', '2019-11-20 01:32:33'),
(6, 42, 'Dolor Laboriosam Quo', 'Dormouse crossed the court, she said to the porpoise, \"Keep back, please: we don\'t want YOU with us!\"\' \'They were learning to draw,\' the Dormouse into the teapot. \'At any rate he might answer questions.--How am I to do so. \'Shall we try another figure of the legs of the legs of the window, and on it in time,\' said the Duchess, the.', 11, 1, '2019-11-20 01:32:33', '2019-11-20 01:32:33'),
(7, 30, 'Veniam Vero Et', 'They had a door leading right into it. \'That\'s very important,\' the King very decidedly, and there she saw them, they set to work, and very angrily. \'A knot!\' said Alice, \'because I\'m not Ada,\' she said, \'for her hair goes in such a wretched height to be.\' \'It is a raven like a tunnel for some time without interrupting it. \'They must go by the way, and nothing seems to like her, down here, and I\'m sure _I_ shan\'t be.', 34, 1, '2019-11-20 01:32:33', '2019-11-20 01:32:33'),
(8, 27, 'Tenetur Commodi Cumque Labore Excepturi Numquam', 'Wonderland, though she felt that she had someone to listen to me! When I used to say.\' \'So he did, so he with his head!\' or \'Off with her head!\' Those whom she sentenced were taken into custody by the way, was the.', 10, 1, '2019-11-20 01:32:33', '2019-11-20 01:32:33'),
(9, 39, 'Eius Quisquam Voluptatem Sed', 'Caterpillar seemed to be Number One,\' said Alice. \'Off with his whiskers!\' For some minutes the whole cause, and condemn you to set them free, Exactly as.', 21, 0, '2019-11-20 01:32:33', '2019-11-20 01:32:33'),
(10, 1, 'Qui Hic Minus', 'There was nothing on it in asking riddles that have no answers.\' \'If you knew Time as well as if he thought it would be grand, certainly,\' said Alice timidly. \'Would you like the wind, and was looking at Alice for some time busily writing in his confusion he bit a large pigeon had flown into her head. \'If I eat one of them.\' In another moment down went Alice like the largest telescope that ever was! Good-bye, feet!\' (for when she heard the Queen\'s.', 22, 0, '2019-11-20 01:32:33', '2019-11-20 01:32:33'),
(11, 25, 'Quam Aliquam Debitis Quam', 'Father William,\' the young lady to see some meaning in it,\' said Alice. \'Why?\' \'IT DOES THE BOOTS AND SHOES.\' the Gryphon only answered \'Come on!\' and ran the faster, while more and more faintly came, carried on the hearth and grinning from ear to ear. \'Please would you like the wind, and.', 29, 1, '2019-11-20 01:32:33', '2019-11-20 01:32:33'),
(12, 26, 'Sunt Inventore Consequatur Temporibus Odit', 'Gryphon. \'It all came different!\' the Mock Turtle in the air. Even the Duchess said after a minute or two sobs choked his voice. \'Same as if it had grown up,\' she said to herself; \'his eyes are so VERY wide, but she stopped hastily.', 34, 1, '2019-11-20 01:32:33', '2019-11-20 01:32:33'),
(13, 2, 'Nihil Suscipit Architecto', 'I don\'t remember where.\' \'Well, it must make me smaller, I suppose.\' So she tucked it away under her arm, and timidly said \'Consider, my dear: she is of finding morals in.', 16, 1, '2019-11-20 01:32:33', '2019-11-20 01:32:33'),
(14, 5, 'Excepturi Ab Sed Voluptas Earum', 'Gryphon whispered in a dreamy sort of way to fly up into the Dormouse\'s place, and Alice looked up, and there stood the Queen furiously, throwing an inkstand at the beginning,\' the King put on his.', 22, 1, '2019-11-20 01:32:33', '2019-11-20 01:32:33'),
(15, 43, 'Quia Suscipit Consequatur Consequatur Aut Facere', 'I should like to have any rules in particular; at least, if there were TWO little shrieks, and more sounds of broken glass. \'What a number of changes she had.', 31, 1, '2019-11-20 01:32:33', '2019-11-20 01:32:33'),
(16, 16, 'Odio Dolorem Libero Maxime Rerum', 'Hatter said, turning to the waving of the court. All this time it all came different!\' the Mock Turtle to sing you a couple?\' \'You are all pardoned.\' \'Come, THAT\'S a good deal frightened by.', 22, 0, '2019-11-20 01:32:33', '2019-11-20 01:32:33'),
(17, 41, 'Ullam Impedit Numquam Corrupti Laborum Qui', 'Duchess replied, in a natural way. \'I thought you did,\' said the Cat; and this time it vanished quite slowly, beginning with the dream of Wonderland of long ago: and how she would manage it. \'They must go by the officers of the creature, but on the bank--the birds with draggled feathers, the animals with their hands and feet at the door-- Pray, what is the capital of Paris, and Paris is the capital of Paris.', 24, 0, '2019-11-20 01:32:33', '2019-11-20 01:32:33'),
(18, 9, 'Modi Quia Quasi', 'Alice. \'I wonder what Latitude was, or Longitude either, but thought they were gardeners, or soldiers, or courtiers, or three pairs of tiny white kid gloves in one hand and a Canary called out \'The race is over!\' and they can\'t prove I did: there\'s no use in saying anything more till the eyes appeared, and then sat upon it.) \'I\'m glad they don\'t give birthday presents like that!\' He got behind him, and said to herself, \'it would be grand, certainly,\' said Alice.', 29, 1, '2019-11-20 01:32:33', '2019-11-20 01:32:33'),
(19, 35, 'Eum Nisi Velit Eos Est Voluptatem', 'Queen, \'Really, my dear, YOU must cross-examine the next verse,\' the Gryphon replied rather impatiently: \'any shrimp could have told you that.\' \'If I\'d been the whiting,\' said Alice, timidly; \'some of the evening, beautiful Soup! \'Beautiful Soup! Who cares for fish, Game, or any other dish? Who would not give all else for two reasons. First, because I\'m.', 17, 0, '2019-11-20 01:32:33', '2019-11-20 01:32:33'),
(20, 21, 'Porro Sed Quam Illo', 'Gryphon, before Alice could speak again. In a minute or two, she made out what she did, she picked up a little nervous about it while the Mock Turtle. \'She can\'t explain MYSELF, I\'m.', 18, 0, '2019-11-20 01:32:33', '2019-11-20 01:32:33'),
(21, 9, 'Sunt Sit Quos Optio Neque', 'Pigeon; \'but I must have been changed several times since then.\' \'What do you call him Tortoise, if he thought it over afterwards, it occurred to her in a thick wood. \'The first thing I\'ve got to see it trot away quietly into the wood to listen. The Fish-Footman began by producing from under his arm a great thistle, to keep herself from being run over; and.', 29, 1, '2019-11-20 01:32:33', '2019-11-20 01:32:33'),
(22, 17, 'Autem Sapiente Quia', 'Seven flung down his brush, and had to double themselves up and beg for its dinner, and all the same, shedding gallons.', 12, 0, '2019-11-20 01:32:33', '2019-11-20 01:32:33'),
(23, 41, 'Dolor Aperiam Repellendus Explicabo Repellendus Error', 'Alice, surprised at her for a moment to think about it, you know--\' (pointing with his knuckles. It was the White Rabbit, \'but it doesn\'t understand English,\' thought Alice; \'I daresay it\'s a French mouse, come over with William the Conqueror.\' (For, with all speed back to the puppy; whereupon the puppy made another snatch in the distance would take the roof off.\' After a while, finding that nothing more to come, so she sat on, with closed eyes, and half of them--and it.', 18, 1, '2019-11-20 01:32:33', '2019-11-20 01:32:33'),
(24, 4, 'Et Atque Amet Non', 'I\'ll manage better this time,\' she said to herself in a hot tureen! Who for such dainties would not stoop? Soup of the jurymen. \'No, they\'re not,\' said Alice in a trembling voice, \'Let us get to the other arm curled round her head. Still she.', 20, 1, '2019-11-20 01:32:33', '2019-11-20 01:32:33'),
(25, 46, 'Quam Iste Architecto Quis Et Natus', 'I tell you, you coward!\' and at once and put it to be beheaded!\' \'What for?\' said Alice. \'Nothing WHATEVER?\' persisted the King. \'When did you ever eat a little bit, and said to Alice, they all crowded round her, about the games now.\' CHAPTER X. The Lobster Quadrille The Mock Turtle interrupted, \'if you only walk long enough.\' Alice felt so desperate that she began fancying the sort of a sea of green leaves that had made out the answer to.', 15, 0, '2019-11-20 01:32:33', '2019-11-20 01:32:33'),
(26, 41, 'Quod Voluptatibus Amet Dolor Sit', 'Alice, a good opportunity for showing off a little of her head through the neighbouring pool--she could hear the very tones of her head pressing against the door, and tried to fancy to herself \'This is Bill,\' she gave one sharp kick, and waited.', 22, 0, '2019-11-20 01:32:33', '2019-11-20 01:32:33'),
(27, 17, 'Ipsa Commodi Praesentium Quo', 'There was not going to do it! Oh dear! I\'d nearly forgotten to ask.\' \'It turned into a conversation. \'You don\'t know what to uglify is, you know. Please, Ma\'am, is this New Zealand or.', 24, 0, '2019-11-20 01:32:33', '2019-11-20 01:32:33'),
(28, 9, 'Est Omnis Doloribus', 'I only wish people knew that: then they both bowed low, and their slates and pencils had been broken to pieces. \'Please, then,\' said the Gryphon. \'Do you take me for a great crash, as if nothing had happened. \'How.', 20, 0, '2019-11-20 01:32:33', '2019-11-20 01:32:33'),
(29, 33, 'Eos Molestias Id', 'The Fish-Footman began by taking the little passage: and THEN--she found herself falling down a good deal frightened at the top with its legs hanging down, but generally, just as if she meant to take out of a tree. \'Did you speak?\' \'Not I!\' he replied. \'We.', 16, 1, '2019-11-20 01:32:33', '2019-11-20 01:32:33'),
(30, 35, 'Cumque Ipsam Delectus', 'King; \'and don\'t look at all this time, sat down again very sadly and quietly, and looked at poor Alice, who felt ready to play croquet.\' The Frog-Footman.', 29, 0, '2019-11-20 01:32:33', '2019-11-20 01:32:33'),
(31, 3, 'Dicta Rerum Rerum Nihil Aut', 'While she was near enough to drive one crazy!\' The Footman seemed to be two people. \'But it\'s no use going back to finish his story. CHAPTER IV. The Rabbit started violently, dropped the white kid gloves: she took up the fan she was a very.', 21, 0, '2019-11-20 01:32:33', '2019-11-20 01:32:33'),
(32, 32, 'Distinctio Qui Impedit Ut Cum', 'Do you think you can find it.\' And she tried hard to whistle to it; but she stopped hastily, for the immediate adoption of more broken glass.) \'Now tell me, please, which way it was all about, and make THEIR eyes bright and eager with many a strange tale, perhaps even with the bones and the little magic bottle had now had its full effect, and she tried another question. \'What sort of knot, and then another confusion of voices--\'Hold up his head--Brandy now--Don\'t choke.', 20, 0, '2019-11-20 01:32:33', '2019-11-20 01:32:33'),
(33, 21, 'Et Officiis Reiciendis Ex Saepe', 'Lobster Quadrille is!\' \'No, indeed,\' said Alice. \'I\'ve tried every way, and then at the bottom of the pack, she could see, as well as the other.\' As soon as look at all what had become of you? I gave her one, they gave him two, You gave us three or more; They all returned from him to be executed for having missed their turns, and she had brought herself down to nine inches high. CHAPTER VI. Pig and Pepper For a minute or two, which gave the Pigeon.', 32, 1, '2019-11-20 01:32:33', '2019-11-20 01:32:33'),
(34, 34, 'Amet Voluptatibus Dolor Quia Consequuntur Voluptatem', 'VIII. The Queen\'s Croquet-Ground A large rose-tree stood near the door with his whiskers!\' For some minutes it seemed quite dull and stupid for life to go from here?\' \'That depends a good.', 29, 0, '2019-11-20 01:32:33', '2019-11-20 01:32:33'),
(35, 48, 'Dolores Totam Quo Atque', 'Queen had only one who got any advantage from the trees had a door leading right into a large canvas bag, which tied up at this moment the door began sneezing all at once. \'Give your evidence,\' said the King. \'It began with the Duchess, \'chop off her knowledge, as there seemed to listen, the whole court was in managing her flamingo: she succeeded in bringing herself down to her daughter \'Ah, my dear! Let this be a very curious to know when the Rabbit angrily. \'Here! Come and help me.', 19, 1, '2019-11-20 01:32:33', '2019-11-20 01:32:33'),
(36, 6, 'Nobis Omnis Ut', 'King said, with a large kitchen, which was full of soup. \'There\'s certainly too much frightened to say whether the blows hurt it or.', 27, 0, '2019-11-20 01:32:33', '2019-11-20 01:32:33'),
(37, 36, 'Praesentium In Ratione Magni', 'HIM.\' \'I don\'t even know what to do, and perhaps after all it might injure the brain; But, now that I\'m perfectly sure I have ordered\'; and she said to herself, in a day is very confusing.\' \'It isn\'t,\' said the Gryphon, the squeaking of the game, the.', 17, 0, '2019-11-20 01:32:33', '2019-11-20 01:32:33'),
(38, 37, 'Quia Et Enim', 'Alice thought), and it was the King; and the little passage: and THEN--she found herself lying on the bank, and of having the sentence first!\' \'Hold your tongue!\' said the.', 16, 0, '2019-11-20 01:32:33', '2019-11-20 01:32:33'),
(39, 44, 'Et Sed Dolores Delectus Delectus Et', 'Alice could think of nothing else to say when I grow up, I\'ll write one--but I\'m grown up now,\' she added in an undertone, \'important--unimportant--unimportant--important--\' as if he thought it over afterwards, it occurred to her that she still held the pieces of mushroom in her pocket, and was gone across to the Mock Turtle, and said \'What else have you executed.\' The miserable Hatter dropped his teacup instead of onions.\' Seven flung down his brush, and.', 32, 0, '2019-11-20 01:32:33', '2019-11-20 01:32:33'),
(40, 25, 'Aut Assumenda Eaque', 'So she sat still just as the March Hare. \'Then it ought to speak, and no one could possibly hear you.\' And certainly there was a queer-shaped little.', 19, 0, '2019-11-20 01:32:33', '2019-11-20 01:32:33'),
(41, 28, 'Tempora Ratione Pariatur', 'Oh, how I wish you could draw treacle out of sight: \'but it seems to grin, How neatly spread his claws, And welcome little fishes in With gently smiling jaws!\' \'I\'m sure.', 15, 0, '2019-11-20 01:32:33', '2019-11-20 01:32:33'),
(42, 32, 'Et Minus Odio Et Vitae Et', 'ALICE\'S RIGHT FOOT, ESQ. HEARTHRUG, NEAR THE FENDER, (WITH ALICE\'S LOVE). Oh dear, what nonsense I\'m talking!\' Just then her head in the other. \'I beg your.', 15, 1, '2019-11-20 01:32:33', '2019-11-20 01:32:33'),
(43, 13, 'Omnis Aut Nemo Possimus Quaerat', 'William replied to his ear. Alice considered a little irritated at the flowers and those cool fountains, but she ran out of sight before the end of the bread-and-butter. Just at this moment the door opened inwards, and Alice\'s first thought was that it ought to be sure; but I hadn\'t cried so much!\' Alas! it was labelled \'ORANGE MARMALADE\', but to open her mouth; but she felt a little recovered.', 29, 0, '2019-11-20 01:32:33', '2019-11-20 01:32:33'),
(44, 43, 'Soluta Soluta Voluptatem Laboriosam Fugit', 'Alice quite hungry to look at me like that!\' \'I couldn\'t help it,\' said Alice to find that the Mouse was speaking, and this Alice thought to herself, \'whenever I eat one of the trees upon her knee, and the words \'DRINK ME,\' but nevertheless she uncorked it and put it into one of the door between us. For instance, if you want to see if she did not at all the while, and fighting for the next verse,\' the Gryphon said to herself, and shouted out, \'You\'d better not talk!\' said Five. \'I heard.', 11, 1, '2019-11-20 01:32:33', '2019-11-20 01:32:33'),
(45, 27, 'Tempore Nostrum Facere Voluptas', 'Alice, \'I\'ve often seen them so shiny?\' Alice looked very anxiously into her face. \'Very,\' said Alice: \'three inches is such a.', 33, 0, '2019-11-20 01:32:33', '2019-11-20 01:32:33'),
(46, 8, 'Asperiores Hic Similique Aspernatur Rerum', 'Alice began to feel very uneasy: to be seen--everything seemed to Alice severely. \'What are they made of?\' Alice asked in a minute. Alice began in a voice sometimes choked with sobs, to sing you a couple?\' \'You are not attending!\' said the Cat said, waving its tail.', 22, 0, '2019-11-20 01:32:33', '2019-11-20 01:32:33'),
(47, 33, 'Similique Enim Voluptatum', 'Queen. \'It proves nothing of the hall: in fact she was considering in her lessons in here? Why, there\'s hardly room for this, and she thought of herself, \'I wonder how many hours a day or two: wouldn\'t it be of any good reason, and as Alice could not join the dance? Will you, won\'t you, won\'t you, will you, won\'t you, won\'t you.', 20, 0, '2019-11-20 01:32:33', '2019-11-20 01:32:33'),
(48, 7, 'Id Enim Qui Recusandae Eum', 'Duchess; \'and most of \'em do.\' \'I don\'t see any wine,\' she remarked. \'It tells the day and night! You see the Mock Turtle replied; \'and then the different branches of Arithmetic--Ambition, Distraction, Uglification, and Derision.\' \'I never thought about it,\' said Alice sadly. \'Hand it over a little glass box that.', 10, 0, '2019-11-20 01:32:33', '2019-11-20 01:32:33'),
(49, 37, 'Iste Sint Ullam Sunt Hic Quis', 'Alice looked all round her at the end.\' \'If you can\'t take LESS,\' said the sage, as he found it very much,\' said Alice; \'I daresay it\'s a set of verses.\' \'Are they in the act of crawling away: besides all this, there was Mystery,\' the Mock Turtle, who looked at the top of it. She went in search of her or of anything else. CHAPTER V. Advice from a Caterpillar The Caterpillar and Alice called after.', 33, 1, '2019-11-20 01:32:33', '2019-11-20 01:32:33'),
(50, 36, 'Exercitationem Reiciendis Explicabo Voluptas Possimus Ut', 'In the very tones of her sharp little chin into Alice\'s shoulder as she picked up a little glass table. \'Now, I\'ll manage better this time,\' she said to herself \'That\'s quite enough--I hope I shan\'t grow any more--As it is, I can\'t take more.\' \'You.', 25, 0, '2019-11-20 01:32:33', '2019-11-20 01:32:33'),
(51, 13, 'Enim Est Voluptate Consequatur Aut Et', 'Alice took up the chimney, and said to one of them.\' In another moment that it signifies much,\' she said this last remark. \'Of course twinkling begins with an air of great relief. \'Now at OURS they had to pinch it to her daughter \'Ah, my dear! Let this be a person.', 23, 1, '2019-11-20 01:32:33', '2019-11-20 01:32:33'),
(52, 36, 'Reprehenderit Id Sed Maiores', 'But do cats eat bats, I wonder?\' As she said to herself, (not in a hot tureen! Who for such a long silence after this, and after a pause: \'the reason is, that I\'m doubtful about the whiting!\' \'Oh, as to size,\' Alice hastily replied; \'only one doesn\'t like changing so often, you know.\' \'Who is this?\' She said the Queen. \'You make me giddy.\' And then.', 36, 0, '2019-11-20 01:32:33', '2019-11-20 01:32:33'),
(53, 36, 'Qui Earum Animi', 'Either the well was very provoking to find herself still in sight, and no room to grow up any more questions about it, so she set off at once, while all the.', 12, 0, '2019-11-20 01:32:33', '2019-11-20 01:32:33'),
(54, 35, 'Qui Necessitatibus Molestias Esse Rem Laboriosam', 'And so she bore it as well say,\' added the Dormouse. \'Fourteenth of March, I think that very few little girls eat eggs quite as safe to stay in here any longer!\' She waited for a little shriek, and went in. The door led right into a cucumber-frame, or something of the window, I only knew how to begin.\' For, you see, as they lay sprawling about, reminding her very earnestly, \'Now, Dinah, tell me the truth: did you do lessons?\' said Alice.', 36, 1, '2019-11-20 01:32:33', '2019-11-20 01:32:33'),
(55, 14, 'Voluptatem Voluptatem Incidunt', 'Alice, \'they\'re sure to do next, when suddenly a footman in livery, with a melancholy tone. \'Nobody seems to be rude, so she felt that there was a table in the schoolroom, and though this was of very little way forwards each time and a pair of white kid gloves, and was looking for the Dormouse,\'.', 35, 1, '2019-11-20 01:32:33', '2019-11-20 01:32:33'),
(56, 42, 'Ut Quia Qui Ut Repudiandae', 'WOULD not remember ever having heard of uglifying!\' it exclaimed. \'You know what to do anything but sit with its legs hanging down, but generally, just as I was thinking I should think very likely true.) Down, down, down. There was exactly three inches high). \'But I\'m NOT a serpent, I tell you!\' But she waited patiently. \'Once,\' said the Gryphon. \'How the creatures argue. It\'s enough to try the experiment?\' \'HE might bite,\' Alice.', 18, 0, '2019-11-20 01:32:33', '2019-11-20 01:32:33'),
(57, 6, 'Amet Facere Dolorem Eum Ut Laborum', 'White Rabbit: it was good manners for her neck kept getting entangled among the party. Some of the tail, and ending with the Queen, who was passing at the top of its mouth again, and put it into one of them didn\'t know it was talking in a tone of great relief. \'Call the next thing was waving its tail about in a tone of great dismay, and began to feel a little before she found to be.', 11, 1, '2019-11-20 01:32:33', '2019-11-20 01:32:33'),
(58, 24, 'Qui Quia Possimus Nulla Quia', 'Alice quite jumped; but she got up this morning? I almost wish I could not think of anything to say, she simply bowed, and took the hookah into its mouth open, gazing up into a pig,\' Alice quietly said, just as if it makes me grow smaller, I can guess that,\' she added aloud. \'Do you mean \"purpose\"?\' said Alice. \'Call it what you like,\' said the Queen. \'I haven\'t the least notice of.', 32, 0, '2019-11-20 01:32:33', '2019-11-20 01:32:33'),
(59, 29, 'Quod Quis Quo', 'Alice felt dreadfully puzzled. The Hatter\'s remark seemed to be true): If she should chance to be no chance of this, so that altogether, for the end of the game, feeling very glad that it was not much like keeping so close to them, and it\'ll sit up and bawled out.', 32, 1, '2019-11-20 01:32:33', '2019-11-20 01:32:33'),
(60, 8, 'Quia Inventore Laboriosam Doloribus Et Assumenda', 'ONE respectable person!\' Soon her eye fell upon a time she found herself falling down a very fine day!\' said a whiting to a mouse: she had tired herself out with his nose, and broke to pieces against one of the miserable Mock Turtle. \'Certainly not!\' said Alice sharply, for she was up to the Mock Turtle said: \'advance twice, set to work very diligently to write out a race-course, in a sorrowful tone; \'at least there\'s no meaning in it, \'and what is the same thing as \"I eat.', 20, 1, '2019-11-20 01:32:33', '2019-11-20 01:32:33'),
(61, 38, 'Aut Ex Animi Minus Eius', 'I can\'t put it to be a walrus or hippopotamus, but then she heard a little door about fifteen.', 17, 1, '2019-11-20 01:32:33', '2019-11-20 01:32:33'),
(62, 31, 'Laudantium Cupiditate Nihil Et Dolorum Ut', 'Lobster Quadrille?\' the Gryphon went on again:-- \'You may not have lived much under the sea,\' the Gryphon replied rather impatiently: \'any shrimp could have told you that.\' \'If I\'d been the right.', 10, 0, '2019-11-20 01:32:33', '2019-11-20 01:32:33'),
(63, 23, 'Quia Dolor Sed Cupiditate', 'Christmas.\' And she opened it, and yet it was good manners for her to speak with. Alice waited a little, half expecting to see if there were TWO little.', 20, 1, '2019-11-20 01:32:33', '2019-11-20 01:32:33'),
(64, 28, 'Quod Corrupti Corporis Ipsa', 'However, on the trumpet, and then another confusion of voices--\'Hold up his head--Brandy now--Don\'t choke him--How was it, old fellow?.', 20, 1, '2019-11-20 01:32:33', '2019-11-20 01:32:33'),
(65, 32, 'Nobis Illo Molestiae Doloribus', 'Dodo had paused as if his heart would break. She pitied him deeply. \'What is his sorrow?\' she asked the Mock Turtle drew a long tail, certainly,\' said Alice, \'how am I to get in?\'.', 16, 0, '2019-11-20 01:32:33', '2019-11-20 01:32:33'),
(66, 46, 'Ullam Unde Suscipit Commodi Culpa Quia', 'Alice loudly. \'The idea of the leaves: \'I should like to have him with them,\' the Mock Turtle had just upset the milk-jug into his cup of tea, and looked at Alice. \'It must be kind to them,\' thought Alice, as she added, to herself, \'to be going messages for a rabbit! I suppose.', 32, 0, '2019-11-20 01:32:33', '2019-11-20 01:32:33'),
(67, 12, 'Ut Esse Facilis Distinctio Dolorum Quam', 'Mock Turtle, \'Drive on, old fellow! Don\'t be all day to day.\' This was not otherwise than what it meant till now.\' \'If that\'s all you know about it, you know--\' (pointing.', 23, 1, '2019-11-20 01:32:33', '2019-11-20 01:32:33'),
(68, 4, 'Quo Sint Iste Et Ea', 'When the pie was all dark overhead; before her was another long passage, and the Queen\'s ears--\' the Rabbit was still in sight, hurrying down it. There could be beheaded, and that if you like,\' said the Gryphon: and it set to work throwing everything within her reach at the.', 27, 0, '2019-11-20 01:32:33', '2019-11-20 01:32:33'),
(69, 14, 'Deserunt Excepturi Dicta Voluptatum', 'The first question of course was, how to set them free, Exactly as we needn\'t try to find that the cause of this remark, and thought to herself, as she spoke--fancy CURTSEYING as.', 36, 0, '2019-11-20 01:32:33', '2019-11-20 01:32:33'),
(70, 6, 'Nisi Magnam Dignissimos In Tempora', 'I was going to happen next. \'It\'s--it\'s a very fine day!\' said a timid voice at her for a great hurry. An enormous puppy was looking at the Queen, who had followed him into the air, mixed up with the clock. For instance, if you don\'t know.', 18, 1, '2019-11-20 01:32:33', '2019-11-20 01:32:33'),
(71, 10, 'Aut Inventore Ipsam Rerum Ad', 'I\'m sure _I_ shan\'t be beheaded!\' \'What for?\' said Alice. \'Call it what you would seem to come once a week: HE taught us Drawling, Stretching, and Fainting in Coils.\' \'What was that?\' inquired Alice. \'Reeling and Writhing, of course, I meant,\' the King said to herself \'Now I can reach the key; and if I would talk on such a thing as \"I get what I eat\" is the same when I was a dead silence instantly, and Alice guessed in a ring, and.', 15, 1, '2019-11-20 01:32:33', '2019-11-20 01:32:33'),
(72, 1, 'Eius Provident Hic', 'Alice was very like having a game of play with a lobster as a drawing of a well--\' \'What did they draw?\' said Alice, timidly; \'some of the jury wrote it down into its eyes again, to see if there were any tears. No, there were no tears. \'If you\'re going to turn round on its axis--\' \'Talking of axes,\' said the Cat, as soon as the doubled-up soldiers were always getting up and down in an undertone.', 15, 0, '2019-11-20 01:32:33', '2019-11-20 01:32:33'),
(73, 17, 'Dolorem Qui Voluptas Aut', 'Alice to find quite a chorus of voices asked. \'Why, SHE, of course,\' said the Duchess, who seemed to have finished,\' said the youth, \'one would hardly suppose That your eye was as long as I tell you!\' said Alice. \'Off with their heads down and looked at Alice. \'I\'M not a bit afraid of interrupting him,) \'I\'ll give him sixpence. _I_ don\'t believe it,\' said the King said gravely, \'and go on in the grass, merely remarking that a.', 16, 0, '2019-11-20 01:32:33', '2019-11-20 01:32:33'),
(74, 23, 'Rem Ut Et Omnis', 'First, she dreamed of little birds and beasts, as well as if she had never had to do with this creature when I was a little way forwards each time and a bright idea came into her face. \'Very,\' said Alice: \'three inches is such a thing. After a time she went on, yawning and rubbing its eyes, \'Of course, of course; just what I was thinking I should think it would be wasting our breath.\" \"I\'ll.', 25, 0, '2019-11-20 01:32:33', '2019-11-20 01:32:33'),
(75, 34, 'Non Ex Quos Et Odit', 'English!\' said the Cat. \'Do you play croquet?\' The soldiers were always getting up and repeat something now. Tell her to carry it further. So she sat still just as the.', 33, 1, '2019-11-20 01:32:33', '2019-11-20 01:32:33'),
(76, 25, 'Tenetur Id Vero', 'There could be beheaded, and that in some alarm. This time Alice waited patiently until it chose to speak again. The Mock Turtle yawned and shut his.', 29, 1, '2019-11-20 01:32:33', '2019-11-20 01:32:33'),
(77, 23, 'Omnis Dignissimos In Aliquam', 'The Queen turned crimson with fury, and, after glaring at her as hard as it went. So she set the little glass table. \'Now, I\'ll manage better this time,\' she said to herself, and nibbled a little three-legged table, all made of solid glass; there was a good opportunity for croqueting one of the Shark, But, when the Rabbit hastily interrupted. \'There\'s a great interest in questions of eating and drinking. \'They.', 22, 0, '2019-11-20 01:32:33', '2019-11-20 01:32:33'),
(78, 32, 'Et Ut Dicta Quod Dignissimos', 'I shall fall right THROUGH the earth! How funny it\'ll seem to have no idea how confusing it is all the creatures wouldn\'t be in before the trial\'s begun.\' \'They\'re putting down their names,\' the Gryphon went on growing, and, as they were nice grand words to say.).', 31, 0, '2019-11-20 01:32:33', '2019-11-20 01:32:33'),
(79, 20, 'Impedit Maxime Esse Occaecati Omnis Voluptate', 'Alice; \'it\'s laid for a dunce? Go on!\' \'I\'m a poor man, your Majesty,\' said Alice hastily; \'but I\'m not myself, you see.\' \'I don\'t see how the game began. Alice gave a sudden leap out of this ointment--one shilling the box-- Allow me to sell you a couple?\' \'You are old,\' said the Gryphon, and, taking Alice by the fire, licking her paws and washing her face--and.', 18, 0, '2019-11-20 01:32:33', '2019-11-20 01:32:33'),
(80, 3, 'Sunt Quia Fugit Et', 'Alice ventured to remark. \'Tut, tut, child!\' said the Cat. \'--so long as there seemed to quiver all over crumbs.\' \'You\'re wrong about the twentieth time that day. \'No, no!\' said the Mock Turtle at last, with a bound into the air off all its feet at once, with a little before she came upon a heap of sticks and dry.', 29, 0, '2019-11-20 01:32:33', '2019-11-20 01:32:33'),
(81, 41, 'Sit Ut Veniam Tempore', 'She got up this morning? I almost wish I\'d gone to see the Queen. \'Can you play croquet with the Lory, as soon as she could remember them, all these strange Adventures of hers that you couldn\'t cut off a bit hurt, and she felt that she was near enough to try the effect: the next witness!\' said the Caterpillar. \'Not QUITE right, I\'m afraid,\' said.', 19, 0, '2019-11-20 01:32:33', '2019-11-20 01:32:33'),
(82, 44, 'Praesentium Amet Amet Aut Distinctio', 'Miss, this here ought to be a queer thing, to be a queer thing, to be done, I wonder?\' As she said to herself, \'Which way? Which way?\', holding.', 27, 1, '2019-11-20 01:32:33', '2019-11-20 01:32:33'),
(83, 15, 'Dignissimos Aliquam Accusantium Libero A Sit', 'English,\' thought Alice; \'I daresay it\'s a very long silence, broken only by an occasional exclamation of \'Hjckrrh!\' from the roof.', 28, 0, '2019-11-20 01:32:33', '2019-11-20 01:32:33'),
(84, 18, 'Dolores Minima Error Laudantium Quis', 'Alice! when she had brought herself down to nine inches high. CHAPTER VI. Pig and Pepper For a minute or two she stood still where she was, and waited. When the Mouse to Alice a good deal to come out among the people that walk.', 23, 1, '2019-11-20 01:32:33', '2019-11-20 01:32:33'),
(85, 29, 'Cum Reiciendis Impedit', 'And when I find a number of bathing machines in the sea, \'and in that case I can kick a little!\' She drew her foot as far as they came nearer, Alice could speak again. The rabbit-hole went straight on like a candle. I wonder what you\'re at!\" You know the meaning of it now in.', 34, 0, '2019-11-20 01:32:33', '2019-11-20 01:32:33'),
(86, 28, 'Accusantium Et Vero', 'Then it got down off the mushroom, and crawled away in the sea!\' cried the Mouse, who seemed to think that there ought! And when I find a pleasure in all their simple joys, remembering her own mind (as well as if he wasn\'t going to do this, so she felt very curious thing, and longed to get in?\' \'There might be hungry, in which you usually see Shakespeare, in the air: it puzzled her a good way off, panting, with its wings. \'Serpent!\' screamed the Gryphon. \'Well, I can\'t.', 31, 0, '2019-11-20 01:32:33', '2019-11-20 01:32:33'),
(87, 42, 'Maiores Voluptatem Fugit', 'Alice tried to open them again, and looking anxiously about her. \'Oh, do let me help to undo it!\' \'I shall do nothing of tumbling down.', 36, 0, '2019-11-20 01:32:33', '2019-11-20 01:32:33'),
(88, 15, 'Quia Et Aut Omnis', 'Hatter, and he called the Queen, who had not gone (We know it was indeed: she was now more than nine feet high. \'Whoever lives there,\' thought Alice, as she stood still where she was exactly the right house, because the chimneys were shaped like ears and the whole window!\' \'Sure, it does, yer honour: but it\'s an arm, yer honour!\' \'Digging for apples, yer honour!\' (He.', 22, 1, '2019-11-20 01:32:33', '2019-11-20 01:32:33'),
(89, 7, 'Dolor Et Excepturi Cum', 'Alice started to her that she wasn\'t a really good school,\' said the Cat. \'I said pig,\' replied Alice; \'and I do hope it\'ll make me smaller, I can kick a little!\' She drew her foot slipped, and in a.', 14, 1, '2019-11-20 01:32:33', '2019-11-20 01:32:33'),
(90, 12, 'Magnam Quam Adipisci Consequatur Qui Expedita', 'But they HAVE their tails in their paws. \'And how do you know I\'m mad?\' said Alice. \'Why, there they are!\' said the Duchess, digging.', 19, 1, '2019-11-20 01:32:33', '2019-11-20 01:32:33'),
(91, 32, 'Voluptas Consequatur Iure Dolore Qui Et', 'Alice was only a child!\' The Queen turned crimson with fury, and, after folding his arms and frowning at the top of it. She stretched herself up closer to Alice\'s side as she had looked under it, and fortunately was just possible it had been. But her sister on the shingle--will you come to the Queen. \'It proves nothing of tumbling.', 25, 0, '2019-11-20 01:32:33', '2019-11-20 01:32:33'),
(92, 9, 'Veniam Nobis Dolore Ab', 'Gryphon went on, \'I must go back and finish your story!\' Alice called out \'The Queen! The Queen!\' and the choking of the crowd below, and there was Mystery,\' the Mock Turtle, who looked at Alice. \'It must have a prize herself, you know,\' Alice gently remarked; \'they\'d have been changed several times since then.\' \'What do you want to see some meaning in it,\' said the.', 15, 1, '2019-11-20 01:32:33', '2019-11-20 01:32:33'),
(93, 37, 'Placeat Ab Sed', 'I the same thing as \"I get what I like\"!\' \'You might just as usual. I wonder what I say--that\'s the same thing as \"I sleep when I got up very carefully, with one foot. \'Get up!\' said the Queen. An invitation for the immediate adoption of more energetic remedies--\' \'Speak English!\' said the March Hare moved into the court, she said to herself; \'his eyes are so VERY remarkable in that; nor did Alice think it so VERY much out of the treat. When the Mouse with an air of great dismay.', 33, 1, '2019-11-20 01:32:33', '2019-11-20 01:32:33'),
(94, 9, 'Quia Officia Ea Quas', 'I should understand that better,\' Alice said very politely, \'if I had to double themselves up and straightening itself out again, and she at once in the last words out loud, and the Queen to-day?\' \'I should have croqueted the Queen\'s hedgehog just now, only it ran away when it grunted again, and went in. The door.', 36, 1, '2019-11-20 01:32:33', '2019-11-20 01:32:33'),
(95, 10, 'Laborum Non Dolores', 'WHAT things?\' said the Gryphon. \'Then, you know,\' the Mock Turtle. \'She can\'t explain it,\' said the March Hare and the party went back for a good deal frightened at the Lizard as she added, \'and the moral of that dark hall, and.', 27, 0, '2019-11-20 01:32:33', '2019-11-20 01:32:33'),
(96, 29, 'Sit Illum Ut', 'Duchess; \'and most things twinkled after that--only the March Hare moved into the wood. \'If it had gone.', 29, 1, '2019-11-20 01:32:33', '2019-11-20 01:32:33'),
(97, 35, 'Unde Sed Qui Officia Sit', 'Dormouse shook its head to hide a smile: some of YOUR adventures.\' \'I could tell you his history,\' As they walked off together. Alice was just going to begin lessons: you\'d only have to beat them off, and had come to the three gardeners at it, and then unrolled the parchment scroll, and read out from his book, \'Rule Forty-two. ALL PERSONS MORE THAN A MILE HIGH TO LEAVE THE COURT.\' Everybody.', 19, 0, '2019-11-20 01:32:33', '2019-11-20 01:32:33'),
(98, 49, 'Soluta Doloremque Non Facere Cupiditate', 'Presently she began very cautiously: \'But I don\'t like the name: however, it only grinned a little recovered from the Gryphon, sighing in.', 15, 0, '2019-11-20 01:32:33', '2019-11-20 01:32:33'),
(99, 28, 'Quaerat Molestiae Et', 'I can listen all day to day.\' This was such a capital one for catching mice--oh, I beg your pardon,\' said Alice indignantly. \'Let me alone!\' \'Serpent, I say again!\' repeated the Pigeon, raising its voice to a lobster--\' (Alice began to say it any longer than that,\' said the Duchess, as she went back for a great deal to come out among the trees as well as she did not much like keeping so close to her full size by this time). \'Don\'t grunt,\' said Alice; \'that\'s not at all what had become of.', 11, 0, '2019-11-20 01:32:33', '2019-11-20 01:32:33'),
(100, 27, 'Perferendis Officiis Tempore Culpa Enim', 'SIT down,\' the King said to the Duchess: you\'d better leave off,\' said the Hatter: \'as the things being alive; for instance, there\'s the arch I\'ve got to?\' (Alice had no idea what to do that,\'.', 13, 0, '2019-11-20 01:32:33', '2019-11-20 01:32:33');

-- --------------------------------------------------------

--
-- Table structure for table `posts`
--

DROP TABLE IF EXISTS `posts`;
CREATE TABLE IF NOT EXISTS `posts` (
  `id` int(11) NOT NULL AUTO_INCREMENT,
  `user_id` int(11) NOT NULL,
  `title` varchar(500) NOT NULL,
  `content` text,
  `status` enum('draft','published') NOT NULL,
  `created_at` timestamp NOT NULL DEFAULT CURRENT_TIMESTAMP,
  `updated_at` timestamp NOT NULL DEFAULT CURRENT_TIMESTAMP ON UPDATE CURRENT_TIMESTAMP,
  PRIMARY KEY (`id`),
  KEY `user_id` (`user_id`)
) ENGINE=InnoDB AUTO_INCREMENT=51 DEFAULT CHARSET=utf8;

--
-- Dumping data for table `posts`
--

INSERT INTO `posts` (`id`, `user_id`, `title`, `content`, `status`, `created_at`, `updated_at`) VALUES
(1, 26, 'Quisquam Quidem Recusandae', 'Minus dolorem et laborum. Soluta et vel necessitatibus sunt in consequatur omnis rem. Molestias ipsam consequuntur et doloribus. Eaque similique omnis consequuntur quis. Sapiente odio at eos in et illum fuga sequi. A aut culpa alias iusto sint nihil soluta. Vel consequatur consequatur ea incidunt deserunt. Et ut excepturi ut rerum est. Repudiandae tenetur dolores dolor consequuntur at consequuntur. Sit assumenda ea molestiae autem quia explicabo. Et dicta nostrum rerum modi reiciendis sint. Cumque ad voluptate provident quaerat perferendis.', 'published', '2019-11-20 01:32:32', '2019-11-20 01:32:32'),
(2, 12, 'Hic Impedit Quis', 'Corporis itaque ut fugiat sit. Dolorem ut rerum omnis maxime et. Ipsam ad non asperiores sint. Debitis aut consequatur harum sit quisquam deserunt modi. Enim ducimus ullam perferendis pariatur voluptatem quasi. Optio saepe quia harum adipisci. Amet tempore labore suscipit optio ut exercitationem dolore. Totam non quo error eos maiores. Sed consequatur est officia ut esse rerum atque. Autem in aut corrupti repellendus. Quis impedit minima voluptatem quaerat. Sed aut autem voluptatem dolorem et repellendus vero aut.', 'published', '2019-11-20 01:32:32', '2019-11-20 01:32:32'),
(3, 28, 'Aut Vitae Qui Et', 'Officia id suscipit nobis impedit. Consequatur officia deleniti soluta et sit voluptate. Vitae sint non beatae eaque quod maiores ut. Id hic laborum animi eligendi reprehenderit. Sed quia aliquam iste est ipsam illo. Est cupiditate et laudantium. Cupiditate laudantium ipsam deleniti voluptatum. Quae sapiente dicta est consequatur repellendus beatae. A ut ullam eum autem sed deleniti similique. Impedit porro qui sed magnam. Laborum modi beatae non voluptatem cum. Quis est earum incidunt sit.', 'draft', '2019-11-20 01:32:32', '2019-11-20 01:32:32'),
(4, 27, 'Repellat Laboriosam Ratione Exercitationem Aut', 'Soluta voluptatem labore quia necessitatibus et. Ut quibusdam nam exercitationem modi quia incidunt exercitationem. Fugit molestiae qui velit nihil enim temporibus ducimus. Quo sit architecto aut rerum. Molestiae consequatur mollitia ut consequatur. Commodi ad adipisci magnam ullam id aspernatur velit dolorem. Similique nemo vel impedit neque. Rerum eum mollitia et eligendi aut. Iure dolorem dolor eveniet laudantium. Magnam et aut distinctio culpa unde numquam explicabo. Ut sit voluptatum aliquid ut maiores odio ab cupiditate. Doloribus quia culpa tempora.', 'draft', '2019-11-20 01:32:32', '2019-11-20 01:32:32'),
(5, 25, 'Eos Consequatur Inventore Provident Facilis', 'Eaque minus at eligendi expedita. Sequi asperiores aspernatur est. Enim temporibus ut aut minima dignissimos vel. Mollitia error rerum aperiam consequatur pariatur. Qui pariatur dolorem et illo. Voluptas amet officia alias ipsum animi. Et voluptates natus tempora vitae. Esse quia pariatur quasi deserunt. Incidunt aut placeat voluptas sed qui rerum. Debitis optio voluptatum ut atque assumenda commodi ea hic. Ad reprehenderit ipsa debitis labore rerum soluta et praesentium. Velit enim rerum odit nemo officia qui architecto.', 'published', '2019-11-20 01:32:32', '2019-11-20 01:32:32'),
(6, 30, 'Dolores Dicta Quas Ullam Deleniti', 'Amet repudiandae consequatur est ipsa temporibus. Animi quasi quia repellat repellat qui molestias voluptates. Voluptas eligendi autem sed ut excepturi at explicabo. Nulla et sunt voluptatem. Est ipsam ullam dolorem sint nam reiciendis. Officiis expedita soluta aut quibusdam incidunt cumque impedit consequatur. Sit sunt sapiente modi excepturi sunt. Quas aut accusamus nihil labore ratione voluptatem ipsam. Fugit doloribus numquam aut nesciunt et ducimus accusamus. Voluptatem vero iusto quo. Quidem officiis consequuntur cum recusandae tempore sequi vitae. Maiores ad dolores dolore nam aut.', 'published', '2019-11-20 01:32:32', '2019-11-20 01:32:32'),
(7, 36, 'Voluptate Sed Velit Est', 'Repellat dicta corrupti consequuntur et. Dolores magni a ipsum tenetur ut aut voluptatum. Consequatur qui eius sint nihil. Velit et sapiente enim ratione odit. Recusandae ipsa vel aut necessitatibus architecto voluptas voluptas nesciunt. Similique aut possimus eius reprehenderit ipsum. Et nisi tempore et amet maiores voluptas. Quia asperiores praesentium esse ut recusandae porro illo. Non laborum reiciendis sit magnam eos aut iste. Nihil quia quidem aut ea ipsa consectetur. Animi sed provident est quidem rerum possimus nesciunt. Mollitia perferendis fuga qui ea et quia.', 'draft', '2019-11-20 01:32:32', '2019-11-20 01:32:32'),
(8, 29, 'Sed Voluptatem Amet Earum', 'Culpa et aliquam dolores aut. Voluptatum corrupti aut dolores quas saepe. Qui dolorum tenetur aut accusamus ipsam corrupti. Labore quidem et ut possimus. Consequuntur sit beatae est dolorem doloribus. Velit magni inventore omnis suscipit repudiandae expedita quaerat ullam. Sit dolore et qui velit. Eum sit sed sapiente deserunt veniam et aut voluptatem. Repellendus nostrum fuga sequi quis et in. Fuga velit vel velit velit. Eum a possimus ut. Tenetur recusandae amet sed.', 'draft', '2019-11-20 01:32:32', '2019-11-20 01:32:32'),
(9, 32, 'Ut Numquam Labore Quis', 'Minima cupiditate iure harum et corrupti eos modi repellendus. Accusamus est voluptates voluptatem voluptatibus omnis. Ut praesentium veniam autem nihil provident ex. Hic numquam doloribus tempore qui vel quam sint. Sed quia quia doloribus eveniet vitae sunt enim. Qui sunt dolorem ut doloremque quisquam neque. Eos accusantium inventore praesentium aspernatur eaque. Aliquam odio aliquam deleniti. Neque quod sed enim a. Voluptates voluptatem cum rerum. Tempora quae magni aut ut dolor. Autem consequatur magnam amet nisi sed.', 'draft', '2019-11-20 01:32:32', '2019-11-20 01:32:32'),
(10, 28, 'Quibusdam Aut Doloremque Omnis', 'Suscipit deserunt rerum cupiditate non sint autem earum sequi. Mollitia eius natus praesentium placeat eum sit aliquam saepe. Atque labore nostrum aspernatur non adipisci explicabo cumque quisquam. Sed voluptas et quo ab laudantium. Et perspiciatis illo et est velit maxime. Enim perspiciatis excepturi doloribus placeat quia libero voluptates. Sunt harum est porro et quia. Quod porro odit maiores nostrum enim. Sed rerum quaerat similique voluptas rem consectetur. Consectetur eaque aliquam impedit itaque voluptatem eum. Unde dolorum cumque numquam soluta. Tempora eveniet qui provident tenetur dolorem a.', 'draft', '2019-11-20 01:32:32', '2019-11-20 01:32:32'),
(11, 23, 'Ratione Libero Quia', 'Aperiam accusamus officia voluptatibus rerum odio porro. Odio vel voluptatem quia ad laboriosam magnam. Ea et consequatur sit rem suscipit. Quis molestiae rerum quibusdam nisi reprehenderit non. Iusto quo ad placeat sunt debitis. Dolores cumque debitis ad qui hic. Laborum aspernatur deleniti consequatur qui eveniet sunt ex id. Occaecati cum veniam ipsa eum numquam. Cum sequi harum facilis sapiente. Ex vero odio incidunt quaerat quod aspernatur ut. Rerum neque eligendi exercitationem dolorum est rerum officia consequatur. Officiis iure velit nesciunt quos.', 'published', '2019-11-20 01:32:32', '2019-11-20 01:32:32'),
(12, 26, 'Sequi Est Deserunt Rerum Earum Sed', 'Similique autem aspernatur eveniet ex necessitatibus nostrum aspernatur. Voluptatum enim eos quod at vel. Recusandae consequatur maiores omnis alias. Molestiae unde rerum iusto optio incidunt. Quia incidunt aliquam quod rem possimus consectetur. Eos nesciunt est et iure porro quia iure. Dolorum incidunt explicabo enim voluptatem quia atque. Ea qui suscipit eveniet voluptas laudantium repellendus molestiae. Laborum eum enim nam architecto ullam quasi. Vero assumenda non id. Autem aut vero facere est consequatur quibusdam voluptas. Eum quo beatae veniam eligendi quia.', 'draft', '2019-11-20 01:32:32', '2019-11-20 01:32:32'),
(13, 19, 'Tempora Aut Sed Pariatur', 'Iste velit quia illo nobis voluptates cum qui quia. Voluptatem consequatur aut porro accusantium nam qui. Perferendis in consequuntur nihil. Dicta provident qui est nemo tempora corrupti quidem quia. Aut voluptas quia sed quam. Ipsa nihil illo expedita quia dolor accusantium molestias officiis. Expedita repudiandae deleniti numquam velit quam eaque sapiente. Quia illum cupiditate omnis aut necessitatibus dolores. Unde sint nemo dolor harum hic. Beatae iusto voluptatem quia ex nisi dolor. Autem eaque magni enim labore maiores ut explicabo. Eius dolores non assumenda velit id et fugiat.', 'draft', '2019-11-20 01:32:32', '2019-11-20 01:32:32'),
(14, 10, 'Qui Placeat Laboriosam', 'Velit ex animi dignissimos facilis inventore. Cum quisquam mollitia recusandae qui aliquam corporis qui. Blanditiis delectus eius non voluptas sint. Qui totam inventore perferendis sint atque aut. Pariatur voluptatum quasi aut et non. Est repellat exercitationem voluptatum autem error qui ut. Quasi dolorum soluta quae quasi quasi et. Asperiores voluptatem et facere ea. Doloremque voluptatem consectetur molestias ducimus. Consectetur assumenda in ducimus rerum quis. Impedit eveniet corporis magni reiciendis. Non exercitationem minus aut repellat et commodi.', 'published', '2019-11-20 01:32:32', '2019-11-20 01:32:32'),
(15, 26, 'Sed Eius Quia Aperiam', 'Perspiciatis nihil dignissimos sed. Aut voluptatem ut aut velit nobis. Ut sunt nam repudiandae aperiam. Animi quia inventore eos enim quidem velit. Ut repellat veniam et voluptas ea. Voluptas cum nulla ut enim. Est beatae mollitia provident quia. Consequatur et corrupti amet. At non voluptates ad culpa et dolor eos. Consequuntur non fuga sit rem soluta. Et atque ipsa quidem quos. Adipisci veniam eaque beatae facilis.', 'draft', '2019-11-20 01:32:32', '2019-11-20 01:32:32'),
(16, 29, 'Atque Quisquam Illum', 'Autem voluptatibus dolores ex et nobis sint. Recusandae ipsa est aut id vitae corrupti. Est molestiae pariatur ea magni ipsa fugiat rerum a. Odio voluptas perspiciatis ratione voluptatem qui recusandae. Quia ex sunt et consequatur. Molestiae aut veritatis et dolorem quod quasi quia. Dolorem aperiam rerum quae ipsa. Dolor ratione et exercitationem explicabo non voluptatem tempora error. Ut consequatur et praesentium consequatur et non. Voluptatem consequatur sed eos aperiam placeat rerum. Sint provident quo voluptatem. Illo temporibus quis rerum sit.', 'draft', '2019-11-20 01:32:32', '2019-11-20 01:32:32'),
(17, 11, 'Omnis Quia Fuga Ut Quae', 'Quo ipsum et culpa ut nihil ad expedita. Et sequi nesciunt ipsa placeat vitae. Eligendi nisi commodi neque quos voluptatem. Aut asperiores quae expedita dolore. Nostrum enim rerum eligendi quam molestias rerum. Enim molestiae nulla voluptatem quia quo laudantium asperiores. Quas illo et vel assumenda cumque. Commodi aperiam deleniti explicabo fuga eum. Exercitationem culpa distinctio maiores minus. Molestiae est quas nam et facere ullam sit. Ut at corporis culpa sapiente. Deleniti quaerat omnis aut expedita recusandae doloribus odio qui.', 'published', '2019-11-20 01:32:32', '2019-11-20 01:32:32'),
(18, 33, 'Provident Dolor Minima Illo', 'Iusto omnis quasi quis assumenda similique expedita. Placeat consequatur consequatur mollitia voluptas quia libero eaque. Quos facilis tempora cum. Libero dolor non quibusdam et error. Modi occaecati vero sint dolores sed quae. Qui molestias rerum excepturi facilis aperiam. Optio at fuga impedit reprehenderit voluptas ratione nulla. Porro rerum odio dolores quia quia fuga veritatis. Dolorem dolorem architecto fugiat distinctio. Consequatur doloribus consequatur blanditiis officia quia ea. Voluptates dolore possimus unde voluptate omnis ut. Quia ut praesentium aperiam omnis aut aut.', 'published', '2019-11-20 01:32:32', '2019-11-20 01:32:32'),
(19, 27, 'Aut Non Earum Ipsam', 'Dolores corporis aut mollitia vel officia consequatur maiores. Ipsum nobis consequatur temporibus et esse omnis. Aliquam laudantium aut fuga vero ratione ad vel quos. Molestias ab fugiat nulla voluptas aut sunt et. Est et qui tenetur non rerum. Iusto ab eum et ut deserunt iure maxime. Occaecati vel ut ducimus explicabo laudantium enim. Ab voluptas sint sint et accusamus rerum. Minima autem sequi deserunt quis. Saepe accusantium dicta totam in. Velit maxime et rerum corrupti voluptatem sapiente doloremque. Est non repellendus commodi vero alias.', 'published', '2019-11-20 01:32:32', '2019-11-20 01:32:32'),
(20, 35, 'Vel Deserunt Ipsa Laboriosam Hic Aperiam', 'Consequatur voluptatum id error voluptatem repellat natus. In velit eum voluptatem ratione suscipit eum deleniti et. Et eum iusto eius enim qui. Illo voluptatem quae dolor sit. Ut optio cum accusamus at ut quis eius. Est blanditiis aut minima consequuntur voluptatibus reiciendis qui adipisci. Deleniti vel fugiat recusandae aut temporibus. Quo rerum rem maiores nisi voluptas vel minima. Doloribus qui dolor ut ratione. Quod fugiat est dolor corporis nihil nulla cupiditate. Qui consequatur fugiat illum. Numquam eos et ut.', 'draft', '2019-11-20 01:32:32', '2019-11-20 01:32:32'),
(21, 26, 'Reiciendis Sunt Ut Consequatur', 'Esse exercitationem neque dolor tenetur dolor porro. Nihil rerum et quia quasi. Doloribus provident quia quisquam optio quia fugit eveniet. Aut adipisci fugiat hic aut fugit assumenda nam. Nemo aspernatur voluptatem et adipisci tempora magnam fugiat. Laudantium dignissimos odit non libero omnis omnis. Unde facere possimus a asperiores. Nostrum quod enim unde ut. Laboriosam quia et nobis commodi perferendis labore. Iste blanditiis ducimus sint qui. Et harum similique ducimus omnis. Aut nam magni itaque in voluptas dolores.', 'published', '2019-11-20 01:32:32', '2019-11-20 01:32:32'),
(22, 28, 'Dolores Ratione Dolore Similique Sunt Ab', 'Perspiciatis harum repudiandae sed molestias tenetur dolorum. Non exercitationem recusandae eum eos harum et consequuntur. Aspernatur consectetur ea et corporis minima. Sequi aliquid suscipit sunt at ut rerum ea. Harum ut cumque facilis laudantium placeat perspiciatis vitae maxime. Quidem qui a necessitatibus. Qui delectus ex porro sit nihil. Dolores qui repudiandae sit fugiat. Quo natus est amet excepturi. Est recusandae hic eum corporis dolores dolorem qui iusto. Cumque doloribus odit beatae et voluptatem eum temporibus. Eligendi ut maiores magni ea et ut praesentium.', 'published', '2019-11-20 01:32:32', '2019-11-20 01:32:32'),
(23, 36, 'Qui Porro Autem Et Expedita Sit', 'Error tempore id voluptate voluptatem. Ab illum accusamus necessitatibus quaerat ut rerum. Ut quia ipsam incidunt voluptas laudantium beatae molestiae. Quidem dolor ducimus saepe veritatis neque quod soluta. Facilis impedit a qui esse. Atque animi sed et qui sit possimus. Doloribus est voluptas harum esse eos. Qui repellat aliquid autem error. Optio laborum sed soluta laborum. Fugiat error est voluptates voluptates debitis quisquam et. Corrupti omnis non et. Quaerat fugit odit voluptas id neque recusandae.', 'published', '2019-11-20 01:32:32', '2019-11-20 01:32:32'),
(24, 30, 'Velit Sequi Quae', 'Velit quibusdam voluptatem qui praesentium. Cupiditate nobis nesciunt maxime laudantium consequuntur molestiae eaque. Iusto magnam expedita id amet. Mollitia consequatur ut nobis numquam velit dolorem aut recusandae. Excepturi soluta modi enim soluta doloribus aut. Suscipit iste ex dignissimos dolorem. Impedit quo ut sed magnam. Aperiam nisi nesciunt distinctio cum doloribus qui. Sint et omnis laudantium neque. Nulla cupiditate explicabo est harum aliquid. Qui a ut excepturi rerum molestias consequuntur. Voluptates aspernatur adipisci aut similique autem sit omnis voluptatem.', 'draft', '2019-11-20 01:32:32', '2019-11-20 01:32:32'),
(25, 31, 'Quis Impedit Omnis Mollitia', 'Et id eum repudiandae veritatis reprehenderit dignissimos. Dolor nam vitae facilis rerum non. Alias rerum doloremque cum et iure dolores. Necessitatibus cum ab sint molestias. Amet dolorum quae sed omnis officia consequatur. Quae ut numquam sint omnis. Sit ut laborum sit quaerat minus non nesciunt. Cupiditate assumenda est corporis dicta sunt velit incidunt soluta. Esse laborum natus eaque omnis cupiditate quia. Magni assumenda reprehenderit non quisquam praesentium non ad. Ut quasi odio excepturi facere. Est iure nobis vel recusandae.', 'published', '2019-11-20 01:32:32', '2019-11-20 01:32:32'),
(26, 31, 'Impedit Doloremque Eos Error Dolore', 'Dolorum voluptate natus laboriosam ut consequuntur aperiam qui. Odio aut facere est a. Vel totam perferendis ab. Consectetur voluptatem autem ratione dolorum velit. Et nemo optio voluptatem vel. Delectus praesentium voluptates sit ut tempora eligendi. Deleniti minima praesentium minima ut rerum quia est. Velit exercitationem fuga porro nam culpa voluptates. Eum nemo facilis aut ab. Ullam qui et amet ea aliquid voluptatem. Sit quibusdam est et eum enim quo qui accusamus. A delectus ipsam id voluptatibus et.', 'draft', '2019-11-20 01:32:32', '2019-11-20 01:32:32'),
(27, 17, 'Odit Enim Quae Eius', 'Ipsam quis repudiandae suscipit illum et et commodi eos. Qui eos qui minima est. Vitae expedita voluptatem omnis error qui. Dolorum consequatur eos nemo nam. Ducimus asperiores et ducimus dolorem. Sit et necessitatibus nihil dolores facilis omnis hic. Similique dolore adipisci mollitia aut. Et error quia omnis qui eum libero. In vel vel aliquid magni amet ut cum. Quos dicta ducimus reprehenderit qui sit quo commodi voluptatem. Magni accusamus mollitia eius et qui provident cupiditate. Cum ut consequatur fuga omnis autem itaque.', 'published', '2019-11-20 01:32:32', '2019-11-20 01:32:32'),
(28, 33, 'Iure Accusantium Perferendis Est Explicabo', 'Assumenda est eos et nobis repudiandae ut. Eaque vel ut possimus ad. Autem nesciunt fuga fugiat repellat. Ab necessitatibus aut et ut autem aspernatur fugiat. Error ut et non qui eum quia temporibus. Sunt voluptatum quia sapiente vel laborum laborum. Sit officiis velit quo molestias. Ipsa et odio ipsa quasi. Ut facilis possimus doloremque temporibus. Reprehenderit nihil non similique unde necessitatibus illo. Atque dolorum sunt quaerat molestiae et facilis iste. Voluptatem quibusdam cumque est corrupti autem.', 'draft', '2019-11-20 01:32:32', '2019-11-20 01:32:32'),
(29, 31, 'Labore Atque Nesciunt', 'Sunt qui dolor eius non. Ipsam omnis unde culpa qui maiores. Aut et sunt reiciendis autem iusto amet quaerat quisquam. Magni dolorem ratione id blanditiis. Maxime veritatis tenetur debitis quia. Consequatur rerum voluptatem maxime. Non ipsa culpa accusamus veritatis. Sed culpa harum aut et accusamus. Aut debitis vel quae veniam. Cum dolorum nesciunt dolore laboriosam alias voluptas blanditiis. Deleniti qui accusantium facilis aut dolores. Incidunt voluptates architecto voluptatum in vero et.', 'draft', '2019-11-20 01:32:32', '2019-11-20 01:32:32'),
(30, 26, 'Consequatur Nemo Corrupti Et', 'Quo voluptatem possimus omnis maxime tempore et. Est mollitia enim voluptas voluptates harum. Voluptas voluptas dicta voluptas. Rerum doloribus officiis in corrupti dignissimos quaerat. Odio modi quaerat harum asperiores id. Recusandae dolor sint quia et. Ab veritatis exercitationem ea rerum. Et ipsam ea magnam quia. Iste et neque exercitationem consequuntur possimus consequuntur. Nam tempora debitis sunt quasi. Sint autem architecto et doloribus tempore. Neque quidem neque ea dolor ut enim.', 'published', '2019-11-20 01:32:32', '2019-11-20 01:32:32'),
(31, 16, 'Dolor Nam Enim Omnis Est Est', 'Sit dolorem officiis voluptatem molestiae eos rerum. Ut nostrum ducimus architecto molestias est. Qui ullam quia placeat nemo. Provident cupiditate ad eligendi placeat recusandae dolorum exercitationem. Id est eius voluptas consectetur. Deserunt dignissimos et ut facilis consequatur. Quibusdam sed odit dolorem ut ipsam modi et. Culpa aspernatur odio voluptas repellendus culpa aut ut. Qui quasi quisquam sit ut fugiat et. Nisi quisquam repellat velit exercitationem sed minima odit. Ut eius voluptas sit sit consequatur dignissimos. Excepturi laborum aliquid neque est.', 'published', '2019-11-20 01:32:32', '2019-11-20 01:32:32'),
(32, 22, 'Quia Necessitatibus Et Animi', 'Saepe sed impedit natus repellat eligendi eum cum. Dolor laborum ut distinctio quos. Odit reiciendis quam est ea non. Repellat et qui et perspiciatis temporibus sit sint eum. Sequi ut sapiente numquam. Aut iste vel neque velit aut voluptatum. Qui cumque perspiciatis magnam quo veniam dolorem. Excepturi voluptas libero et non. Sint ratione eaque ea autem iusto. Recusandae voluptas vel omnis dolor ea saepe inventore. Ut sit laborum dolores ut. Accusantium non voluptatem architecto cum architecto aliquam.', 'published', '2019-11-20 01:32:32', '2019-11-20 01:32:32'),
(33, 23, 'Occaecati Eum Aperiam Omnis', 'Veritatis sit aut autem cum. Est temporibus minima non consequatur at. Voluptates non non eius omnis culpa. Autem deserunt et sapiente. Et voluptate amet at quod nihil sunt delectus. Nemo vel nobis eveniet quo doloribus ducimus ipsa. Libero rem qui laboriosam omnis. Minima sint non ducimus dolorem qui. Quisquam vero enim cumque numquam quo amet et. Totam veniam ducimus id occaecati. Corrupti aliquam aliquam ea occaecati rerum ea sint ipsum. Doloremque incidunt repellat ut.', 'draft', '2019-11-20 01:32:32', '2019-11-20 01:32:32'),
(34, 15, 'Itaque Officia Est Sequi', 'Non eveniet sed iure quo similique quia velit. Eos et voluptas omnis velit sed at nobis. Quae consequuntur quisquam est vero minus. Vel explicabo quidem repellat illum. Maxime quia fugiat provident vel vitae quasi id sit. Sint inventore modi tempore praesentium et ut. Tempora excepturi voluptatem ut velit. Illo facere recusandae ipsa blanditiis assumenda ut perspiciatis. Voluptatem et molestias doloribus alias minima. Voluptatibus dolor aperiam veniam et aliquid dolores ullam et. Voluptatem consectetur omnis enim natus commodi sunt et. Voluptates delectus eligendi ea magnam molestiae voluptatem cumque.', 'published', '2019-11-20 01:32:32', '2019-11-20 01:32:32'),
(35, 33, 'Veritatis Nisi At Corrupti', 'Corporis qui numquam deserunt consequuntur est provident. Incidunt delectus eaque dolorem impedit fuga. Molestiae quo illo quia repudiandae maxime. Et eum eos odit ut. Modi inventore praesentium qui ut molestias. Optio eos est nemo libero rerum eum aspernatur. Architecto tempora aut praesentium molestiae voluptas nihil. Veniam reprehenderit eum quia suscipit consectetur rerum. Dignissimos assumenda eligendi autem inventore dolorum et. Illum nam voluptatibus sequi est rerum eos. Minus tenetur consequatur modi reprehenderit tenetur dolores. Sit aut aut debitis in facilis.', 'published', '2019-11-20 01:32:32', '2019-11-20 01:32:32'),
(36, 20, 'Inventore Amet Saepe Porro Natus Maxime', 'Inventore odit dignissimos nulla ab. Iusto sunt provident sapiente autem. Nobis qui rerum voluptas. Quia reprehenderit eligendi iure repellendus dolorem et. Error quia quia magnam nesciunt recusandae. Dolorum optio dolorem eveniet debitis deserunt ut rerum libero. Mollitia sit delectus quia. Voluptas sequi aut blanditiis. Earum quam exercitationem voluptatem pariatur nesciunt ipsa sed. Voluptatem qui nobis atque libero. Temporibus qui ut laborum quibusdam qui expedita. Hic ut temporibus officia.', 'draft', '2019-11-20 01:32:32', '2019-11-20 01:32:32'),
(37, 35, 'Est Qui Vel Veniam', 'Ipsum et vero reprehenderit repudiandae sed sed quo minus. Itaque praesentium tempora a at assumenda eos eos. Debitis voluptatum excepturi et aliquid iusto. Modi facere incidunt sunt rerum. Voluptatem ipsam voluptas enim est ex dolore sit. Qui velit cupiditate ut magnam laudantium. Eaque repudiandae velit facere omnis quia. Sit ut ea quibusdam molestiae ullam hic. Omnis ab facere voluptas dolorem. Est quo inventore dolor eos iure perspiciatis molestiae. Est repellendus laboriosam odio quidem rerum voluptatem. Expedita repudiandae dolore qui aliquid.', 'published', '2019-11-20 01:32:32', '2019-11-20 01:32:32'),
(38, 16, 'Sunt Mollitia Omnis', 'Ad sequi repellendus minus quasi dolor eligendi. Cum et est molestiae eaque delectus quibusdam consectetur. Dicta et ex aut quibusdam perspiciatis temporibus ducimus. Nihil dolorem voluptas aut. In distinctio ducimus laboriosam fuga rem a et. Quod vel sed dicta perspiciatis quidem. Sapiente ut iure error facilis laborum rem. Itaque pariatur voluptatem aspernatur magnam. Quod pariatur facere sunt illo incidunt repellat ducimus. Alias similique iste voluptates est sequi. Assumenda asperiores voluptas et. Qui quaerat nisi aut eius.', 'published', '2019-11-20 01:32:32', '2019-11-20 01:32:32'),
(39, 28, 'Rerum Asperiores Quasi Quasi', 'Consequatur doloremque aliquid doloribus molestiae. Vitae iure asperiores quae voluptas similique. Recusandae aut optio dolores reprehenderit. Nobis qui culpa et voluptatem doloremque voluptas sed. Aliquam in voluptatem at aut. Sed rem voluptas et repudiandae. Ut itaque eum ipsa qui architecto et laudantium. Illo hic reprehenderit repudiandae sint. Neque accusantium voluptatibus veritatis sapiente molestiae aliquam sed. Laudantium sit quia quod dolor. Optio est incidunt quia qui inventore animi. Tempore molestiae voluptas itaque ut provident aspernatur sed.', 'published', '2019-11-20 01:32:32', '2019-11-20 01:32:32'),
(40, 20, 'Voluptatem Earum In Eos Sint Eligendi', 'Quos et sit velit quasi aut. Laboriosam facilis id dolorem exercitationem quaerat qui. Sint et ut magni. Dolores rerum cupiditate nobis rem nulla quos. Fugit debitis asperiores aut voluptate. Qui a ea distinctio. In aut cupiditate in aperiam sunt sit qui. Quidem cupiditate aliquid cumque corrupti enim ut illo. Commodi voluptates et ea. Repudiandae soluta ut cupiditate repellat. Cumque et quibusdam aspernatur ad minima. Officiis et aliquam aut voluptatem et ea eius.', 'draft', '2019-11-20 01:32:32', '2019-11-20 01:32:32'),
(41, 22, 'Sapiente Iure Unde Aut', 'Sit ad facere quasi aut doloremque id. Sequi numquam nesciunt temporibus. Dolor ea iste reprehenderit vel excepturi ut. Alias consectetur consequatur qui vel libero accusamus. Excepturi nesciunt est nam ut minima molestias veritatis. Iusto sunt consequuntur saepe et. Commodi voluptatibus aut eius perferendis deleniti. Ex ea error rerum quae ut voluptates vero. Tenetur illum quos ipsam minus commodi animi impedit. Labore enim ut esse qui. Quo et sunt cum doloremque sed minima. Perspiciatis iusto corrupti quisquam a animi sapiente quo soluta.', 'published', '2019-11-20 01:32:32', '2019-11-20 01:32:32'),
(42, 27, 'Quisquam Soluta Et', 'Iure doloribus autem voluptatem sed aut adipisci. Dolor fugit enim cupiditate et ducimus voluptatem. Sed voluptatum aut nisi itaque est. Esse tempora quas est cumque. Sit deserunt optio rerum dolorem. Et voluptatibus dolorum expedita hic. Qui perspiciatis deleniti et voluptatem delectus quas. Et explicabo voluptates sequi quia. Cupiditate nobis unde saepe vel assumenda eum. Deserunt nihil sunt quia velit iusto rerum. Saepe voluptates eveniet itaque fuga. Omnis voluptatem quod aut in sed.', 'published', '2019-11-20 01:32:32', '2019-11-20 01:32:32'),
(43, 15, 'Sint Ipsam Et Repellat Provident', 'Sed laborum odio cum in cumque at quo. Consequuntur odit reiciendis vel natus est rerum. Quisquam in facere ipsum sed id explicabo. Et eos dicta officia totam ratione placeat tenetur. Ullam id est quas quia tempore. Odio nostrum reprehenderit cumque. Aperiam possimus sequi fugit odit sed magnam. A doloribus ipsam cumque in. Aut qui vel quis hic tempore. Culpa quibusdam necessitatibus facere qui nam sit. Eos fugit ea deleniti provident ut. Eos molestiae aut voluptatem neque vel est.', 'draft', '2019-11-20 01:32:32', '2019-11-20 01:32:32'),
(44, 29, 'Aut Ea Nulla Quod Quo Est', 'Nihil delectus eum et dignissimos deserunt veniam consequatur minus. Blanditiis nihil corrupti quod minima quis sed numquam. Aut assumenda natus sint ut id dolorem. Corporis nemo adipisci quasi. Illo deserunt ipsum quod dolores. Nam hic omnis et facere quia autem. Omnis commodi deserunt rerum ipsa. Placeat asperiores laudantium illum inventore excepturi. Quos praesentium totam quo dolorem eius nostrum aut. Non doloribus nihil reprehenderit. Corporis harum quibusdam veniam eum amet et. Rerum facere tempora eum eveniet.', 'published', '2019-11-20 01:32:32', '2019-11-20 01:32:32'),
(45, 19, 'Consectetur Non Quia Temporibus', 'Nisi ipsa eum sapiente quibusdam doloremque autem ipsa ipsum. Corrupti officiis qui provident blanditiis dicta neque. Totam eum in in soluta. Ex impedit et expedita. Fugit at sapiente quisquam dolorem inventore quas nostrum. Ad mollitia est placeat dolores tempore reprehenderit. Dignissimos cum sit error dignissimos. Quod quisquam itaque in et id unde et. Laborum maxime aspernatur eum. Ab est et ab. Earum quod beatae soluta et provident illum deleniti. Similique quia enim quidem minus veritatis voluptatem assumenda voluptate.', 'draft', '2019-11-20 01:32:32', '2019-11-20 01:32:32'),
(46, 11, 'Id Dolor Quia', 'Minima quam consequuntur doloribus. Consequuntur qui aut ut quos mollitia. Est corporis earum excepturi iure. Expedita libero in perspiciatis omnis. Est inventore odio voluptate nisi doloremque explicabo. In facere dolorum qui et ut pariatur. Voluptas et culpa non qui eaque. Officia quod quis amet sit. Sunt architecto aut sint eius et totam. Qui voluptas illo cumque et harum eum. Ut ullam doloribus saepe enim est molestias est. Dolore odit necessitatibus totam dolorem numquam ex.', 'published', '2019-11-20 01:32:32', '2019-11-20 01:32:32'),
(47, 19, 'Optio Hic Harum', 'Quos quia soluta sit veniam dignissimos. Et similique corrupti quia. Quia est repudiandae sit maxime iusto. A eum enim quia quis tenetur sunt eius est. Laudantium animi sed excepturi voluptatem eligendi aspernatur voluptas. Aut cumque minima ipsam alias aut qui. Possimus tempora sapiente ut perferendis eveniet. Vel quis autem minus in quis amet cumque. Excepturi ut animi ducimus officia. Nihil fugit consequatur et. Soluta repellendus eos odio enim ut ipsum. Aliquam enim quis fugit saepe repellat.', 'published', '2019-11-20 01:32:32', '2019-11-20 01:32:32'),
(48, 14, 'Odit Atque Quod', 'Porro veniam error ab facilis voluptas dolorem ut ut. Rerum qui tenetur tenetur harum ut dolorem. Velit maxime quos deleniti nemo alias vel est. Est rem nisi assumenda minima esse non. Eum officia maxime ut facilis consequuntur. Natus in quia excepturi quo cum. Neque distinctio ducimus est tempore dolore. Consequatur ut laboriosam recusandae voluptate quos commodi. Sit similique vero impedit possimus excepturi nisi earum corrupti. Reprehenderit voluptatibus magni rerum quos et vitae est numquam. Ea voluptas accusamus nulla at. Perspiciatis sit doloribus voluptatem aut molestiae molestiae natus.', 'published', '2019-11-20 01:32:32', '2019-11-20 01:32:32'),
(49, 12, 'Corporis Saepe Consequatur Laborum', 'Aut ipsum quis non mollitia autem vel possimus ut. Sint non quos hic ea. Dolorem doloribus molestias modi autem voluptas. Aliquid aut quaerat adipisci delectus iste quas. At nesciunt excepturi aliquid dicta. In tempora quas nobis consequatur perferendis earum. Ea explicabo aut et. Quia culpa quis a nihil sunt. Aut earum odio atque vel unde. Quis id doloremque dignissimos aut aut mollitia hic et. Incidunt sequi ab enim et dolorem commodi voluptatem. Qui a repellendus illum molestiae ipsa minus quia.', 'draft', '2019-11-20 01:32:32', '2019-11-20 01:32:32'),
(50, 25, 'Ut Distinctio Est Quo', 'Corrupti maxime quam magni dolor. Optio blanditiis delectus incidunt et vel fugit. Quod ipsam sit voluptatem quisquam esse consequatur harum vitae. Repudiandae ab magnam qui. Ex aut cum fugiat officiis. Quam rem est dolorum velit aut. Neque et sint impedit sed est ea et enim. Rerum ratione quos labore assumenda. Omnis exercitationem eveniet qui non ut corrupti suscipit. Necessitatibus quibusdam recusandae quos qui. Culpa reprehenderit blanditiis voluptas unde non voluptatibus. Sunt occaecati assumenda est ratione fugit vel sed.', 'draft', '2019-11-20 01:32:32', '2019-11-20 01:32:32');

-- --------------------------------------------------------

--
-- Table structure for table `users`
--

DROP TABLE IF EXISTS `users`;
CREATE TABLE IF NOT EXISTS `users` (
  `id` int(11) NOT NULL AUTO_INCREMENT,
  `first_name` varchar(20) NOT NULL,
  `last_name` varchar(20) NOT NULL,
  `email` varchar(50) NOT NULL,
  `avatar` varchar(200) DEFAULT NULL,
  `role` enum('admin','general') NOT NULL DEFAULT 'general',
  `password` varchar(255) NOT NULL DEFAULT '$2y$10$C7plelHQADy4ullnaYIV7u748QECpd6tj5yCr1LQrKkC8ofqLKi1a',
  `created_at` timestamp NULL DEFAULT CURRENT_TIMESTAMP,
  `updated_at` timestamp NULL DEFAULT CURRENT_TIMESTAMP ON UPDATE CURRENT_TIMESTAMP,
  PRIMARY KEY (`id`)
) ENGINE=InnoDB AUTO_INCREMENT=37 DEFAULT CHARSET=utf8;

--
-- Dumping data for table `users`
--

INSERT INTO `users` (`id`, `first_name`, `last_name`, `email`, `avatar`, `role`, `password`, `created_at`, `updated_at`) VALUES
(10, 'Silas', 'Aufderhar', 'ybreitenberg@gmail.com', 'http://api.adorable.io/avatars/300/ybreitenberg@gmail.com', 'general', '$2y$10$C7plelHQADy4ullnaYIV7u748QECpd6tj5yCr1LQrKkC8ofqLKi1a', '2017-05-25 02:13:59', '2019-11-20 01:32:32'),
(11, 'Wilton', 'Marquardt', 'bernie93@durgan.com', 'http://api.adorable.io/avatars/300/bernie93@durgan.com', 'general', '$2y$10$C7plelHQADy4ullnaYIV7u748QECpd6tj5yCr1LQrKkC8ofqLKi1a', '2017-11-18 03:20:08', '2019-11-20 01:32:32'),
(12, 'Rasheed', 'Treutel', 'sigurd99@vandervort.com', 'http://api.adorable.io/avatars/300/sigurd99@vandervort.com', 'general', '$2y$10$C7plelHQADy4ullnaYIV7u748QECpd6tj5yCr1LQrKkC8ofqLKi1a', '2016-08-13 20:42:12', '2019-11-20 01:32:32'),
(13, 'Tessie', 'Fisher', 'francesco91@gmail.com', 'http://api.adorable.io/avatars/300/francesco91@gmail.com', 'general', '$2y$10$C7plelHQADy4ullnaYIV7u748QECpd6tj5yCr1LQrKkC8ofqLKi1a', '2016-03-22 04:34:37', '2019-11-20 01:32:32'),
(14, 'Arely', 'Armstrong', 'hlowe@rolfson.com', 'http://api.adorable.io/avatars/300/hlowe@rolfson.com', 'general', '$2y$10$C7plelHQADy4ullnaYIV7u748QECpd6tj5yCr1LQrKkC8ofqLKi1a', '2019-08-10 08:44:12', '2019-11-20 01:32:32'),
(15, 'Jude', 'Torp', 'ariel.wilkinson@gmail.com', 'http://api.adorable.io/avatars/300/ariel.wilkinson@gmail.com', 'general', '$2y$10$C7plelHQADy4ullnaYIV7u748QECpd6tj5yCr1LQrKkC8ofqLKi1a', '2019-03-28 22:30:45', '2019-11-20 01:32:32'),
(16, 'Willy', 'Connelly', 'karlie47@reilly.biz', 'http://api.adorable.io/avatars/300/karlie47@reilly.biz', 'general', '$2y$10$C7plelHQADy4ullnaYIV7u748QECpd6tj5yCr1LQrKkC8ofqLKi1a', '2016-01-17 14:00:50', '2019-11-20 01:32:32'),
(17, 'Valerie', 'Hickle', 'javonte68@halvorson.net', 'http://api.adorable.io/avatars/300/javonte68@halvorson.net', 'general', '$2y$10$C7plelHQADy4ullnaYIV7u748QECpd6tj5yCr1LQrKkC8ofqLKi1a', '2017-06-10 11:07:18', '2019-11-20 01:32:32'),
(18, 'Russ', 'Walker', 'herminia01@gmail.com', 'http://api.adorable.io/avatars/300/herminia01@gmail.com', 'general', '$2y$10$C7plelHQADy4ullnaYIV7u748QECpd6tj5yCr1LQrKkC8ofqLKi1a', '2019-03-11 03:01:46', '2019-11-20 01:32:32'),
(19, 'Pauline', 'Gerlach', 'damore.jaylen@kshlerin.com', 'http://api.adorable.io/avatars/300/damore.jaylen@kshlerin.com', 'general', '$2y$10$C7plelHQADy4ullnaYIV7u748QECpd6tj5yCr1LQrKkC8ofqLKi1a', '2016-05-27 11:09:28', '2019-11-20 01:32:32'),
(20, 'Duncan', 'Hauck', 'feest.sabrina@yahoo.com', 'http://api.adorable.io/avatars/300/feest.sabrina@yahoo.com', 'general', '$2y$10$C7plelHQADy4ullnaYIV7u748QECpd6tj5yCr1LQrKkC8ofqLKi1a', '2015-05-24 07:44:14', '2019-11-20 01:32:32'),
(21, 'Lavinia', 'Kuvalis', 'yhand@bogan.biz', 'http://api.adorable.io/avatars/300/yhand@bogan.biz', 'general', '$2y$10$C7plelHQADy4ullnaYIV7u748QECpd6tj5yCr1LQrKkC8ofqLKi1a', '2018-01-26 09:24:35', '2019-11-20 01:32:32'),
(22, 'Janessa', 'Rogahn', 'roslyn.bartoletti@gmail.com', 'http://api.adorable.io/avatars/300/roslyn.bartoletti@gmail.com', 'general', '$2y$10$C7plelHQADy4ullnaYIV7u748QECpd6tj5yCr1LQrKkC8ofqLKi1a', '2016-03-30 01:22:10', '2019-11-20 01:32:32'),
(23, 'Jace', 'Goldner', 'murray.linnea@gmail.com', 'http://api.adorable.io/avatars/300/murray.linnea@gmail.com', 'general', '$2y$10$C7plelHQADy4ullnaYIV7u748QECpd6tj5yCr1LQrKkC8ofqLKi1a', '2019-10-24 10:33:11', '2019-11-20 01:32:32'),
(24, 'Jermey', 'Volkman', 'lueilwitz.julia@rau.info', 'http://api.adorable.io/avatars/300/lueilwitz.julia@rau.info', 'general', '$2y$10$C7plelHQADy4ullnaYIV7u748QECpd6tj5yCr1LQrKkC8ofqLKi1a', '2019-08-04 13:42:15', '2019-11-20 01:32:32'),
(25, 'Dasia', 'Friesen', 'scartwright@yahoo.com', 'http://api.adorable.io/avatars/300/scartwright@yahoo.com', 'general', '$2y$10$C7plelHQADy4ullnaYIV7u748QECpd6tj5yCr1LQrKkC8ofqLKi1a', '2017-01-19 10:45:10', '2019-11-20 01:32:32'),
(26, 'Kailee', 'Collier', 'mreilly@adams.net', 'http://api.adorable.io/avatars/300/mreilly@adams.net', 'general', '$2y$10$C7plelHQADy4ullnaYIV7u748QECpd6tj5yCr1LQrKkC8ofqLKi1a', '2014-12-08 10:02:46', '2019-11-20 01:32:32'),
(27, 'Favian', 'Hintz', 'monahan.jodie@greenholt.net', 'http://api.adorable.io/avatars/300/monahan.jodie@greenholt.net', 'general', '$2y$10$C7plelHQADy4ullnaYIV7u748QECpd6tj5yCr1LQrKkC8ofqLKi1a', '2018-12-04 04:33:42', '2019-11-20 01:32:32'),
(28, 'Tyreek', 'Ferry', 'xcrooks@bailey.com', 'http://api.adorable.io/avatars/300/xcrooks@bailey.com', 'general', '$2y$10$C7plelHQADy4ullnaYIV7u748QECpd6tj5yCr1LQrKkC8ofqLKi1a', '2017-06-30 01:19:19', '2019-11-20 01:32:32'),
(29, 'Leif', 'Bogan', 'candace.deckow@gmail.com', 'http://api.adorable.io/avatars/300/candace.deckow@gmail.com', 'general', '$2y$10$C7plelHQADy4ullnaYIV7u748QECpd6tj5yCr1LQrKkC8ofqLKi1a', '2017-10-05 03:03:46', '2019-11-20 01:32:32'),
(30, 'Leo', 'Gaylord', 'delores.koch@hotmail.com', 'http://api.adorable.io/avatars/300/delores.koch@hotmail.com', 'general', '$2y$10$C7plelHQADy4ullnaYIV7u748QECpd6tj5yCr1LQrKkC8ofqLKi1a', '2016-03-16 04:57:04', '2019-11-20 01:32:32'),
(31, 'Alexandrine', 'Hyatt', 'dannie.jaskolski@pagac.com', 'http://api.adorable.io/avatars/300/dannie.jaskolski@pagac.com', 'general', '$2y$10$C7plelHQADy4ullnaYIV7u748QECpd6tj5yCr1LQrKkC8ofqLKi1a', '2017-01-13 13:28:10', '2019-11-20 01:32:32'),
(32, 'Beth', 'Hilpert', 'oreilly.shanel@hotmail.com', 'http://api.adorable.io/avatars/300/oreilly.shanel@hotmail.com', 'general', '$2y$10$C7plelHQADy4ullnaYIV7u748QECpd6tj5yCr1LQrKkC8ofqLKi1a', '2019-01-03 17:40:01', '2019-11-20 01:32:32'),
(33, 'Orlando', 'Pouros', 'rwalter@gmail.com', 'http://api.adorable.io/avatars/300/rwalter@gmail.com', 'general', '$2y$10$C7plelHQADy4ullnaYIV7u748QECpd6tj5yCr1LQrKkC8ofqLKi1a', '2018-04-26 14:57:30', '2019-11-20 01:32:32'),
(34, 'Obie', 'Stiedemann', 'elliott.price@hotmail.com', 'http://api.adorable.io/avatars/300/elliott.price@hotmail.com', 'general', '$2y$10$C7plelHQADy4ullnaYIV7u748QECpd6tj5yCr1LQrKkC8ofqLKi1a', '2018-10-04 06:19:30', '2019-11-20 01:32:32'),
(35, 'Shanie', 'Lang', 'admin@test.com', 'http://api.adorable.io/avatars/300/admin@test.com', 'admin', '$2y$10$C7plelHQADy4ullnaYIV7u748QECpd6tj5yCr1LQrKkC8ofqLKi1a', '2014-12-17 22:58:19', '2019-11-20 01:32:32'),
(36, 'Pattie', 'Funk', 'general@test.com', 'http://api.adorable.io/avatars/300/general@test.com', 'general', '$2y$10$C7plelHQADy4ullnaYIV7u748QECpd6tj5yCr1LQrKkC8ofqLKi1a', '2014-12-18 12:02:08', '2019-11-20 01:32:32');

--
-- Constraints for dumped tables
--

--
-- Constraints for table `comments`
--
ALTER TABLE `comments`
  ADD CONSTRAINT `comments_ibfk_1` FOREIGN KEY (`post_id`) REFERENCES `posts` (`id`),
  ADD CONSTRAINT `comments_ibfk_2` FOREIGN KEY (`user_id`) REFERENCES `users` (`id`);

--
-- Constraints for table `posts`
--
ALTER TABLE `posts`
  ADD CONSTRAINT `posts_ibfk_2` FOREIGN KEY (`user_id`) REFERENCES `users` (`id`);
COMMIT;

/*!40101 SET CHARACTER_SET_CLIENT=@OLD_CHARACTER_SET_CLIENT */;
/*!40101 SET CHARACTER_SET_RESULTS=@OLD_CHARACTER_SET_RESULTS */;
/*!40101 SET COLLATION_CONNECTION=@OLD_COLLATION_CONNECTION */;
